Date,Open,High,Low,Close,Volume
2023-12-22,5650,5700,5600,5675,109411300
2023-12-21,5550,5600,5525,5575,99049600
2023-12-20,5700,5700,5550,5550,138470900
2023-12-19,5450,5550,5450,5550,158893700
2023-12-18,5575,5575,5500,5500,102780900
2023-12-15,5575,5600,5550,5550,252448800
2023-12-14,5450,5550,5425,5550,270760600
2023-12-13,5300,5350,5275,5300,98881600
2023-12-12,5375,5400,5325,5325,134501600
2023-12-11,5325,5375,5300,5300,124468600
2023-12-08,5425,5450,5375,5375,130542600
2023-12-07,5400,5475,5400,5475,102126600
2023-12-06,5425,5450,5400,5425,119716700
2023-12-05,5425,5500,5425,5450,114689900
2023-12-04,5450,5575,5450,5500,235656700
2023-12-01,5275,5375,5275,5350,99499500
2023-11-30,5375,5375,5275,5275,224426400
2023-11-29,5350,5375,5300,5300,106197800
2023-11-28,5325,5425,5325,5350,147993400
2023-11-27,5425,5450,5350,5350,76019100
2023-11-24,5400,5450,5375,5400,104413400
2023-11-23,5325,5400,5300,5350,174572400
2023-11-22,5175,5300,5175,5275,103585500
2023-11-21,5225,5250,5175,5200,104110500
2023-11-20,5175,5275,5175,5250,67314400
2023-11-17,5175,5250,5175,5225,70727500
2023-11-16,5275,5275,5175,5250,129684200
2023-11-15,5200,5300,5175,5250,193790400
2023-11-14,5075,5125,5050,5075,85419500
2023-11-13,5075,5125,5025,5025,92518000
2023-11-10,5150,5150,5050,5075,113811900
2023-11-09,5225,5275,5200,5200,66236400
2023-11-08,5200,5250,5175,5225,86781600
2023-11-07,5225,5275,5175,5250,137039400
2023-11-06,5100,5200,5100,5200,122333800
2023-11-03,5025,5175,5025,5100,125504000
2023-11-02,4940,5075,4910,5000,208075400
2023-11-01,4920,4960,4830,4830,191567200
2023-10-31,4980,5000,4960,4960,106760300
2023-10-30,4980,5025,4970,5000,108523700
2023-10-27,4950,5050,4940,5000,129599800
2023-10-26,5175,5175,4920,4920,330618800
2023-10-25,5100,5200,5100,5175,142215000
2023-10-24,5000,5100,4950,5100,104021500
2023-10-23,5000,5075,4990,5000,82756100
2023-10-20,4980,5100,4960,5050,194316200
2023-10-19,5100,5150,5000,5000,195831400
2023-10-18,5125,5225,5125,5150,180350500
2023-10-17,5250,5275,5150,5150,127287200
2023-10-16,5325,5325,5250,5250,61273200
2023-10-13,5275,5325,5250,5275,84648800
2023-10-12,5300,5375,5275,5300,174022400
2023-10-11,5150,5275,5150,5250,100394800
2023-10-10,5125,5250,5125,5175,115565600
2023-10-09,5200,5225,5125,5125,144477000
2023-10-06,5200,5250,5175,5175,70202300
2023-10-05,5250,5275,5175,5175,116814800
2023-10-04,5250,5275,5200,5250,121445000
2023-10-03,5250,5300,5250,5275,54506000
2023-10-02,5250,5300,5250,5250,81674600
2023-09-29,5300,5325,5225,5225,140348900
2023-09-27,5175,5300,5175,5225,119774700
2023-09-26,5250,5275,5200,5200,180280600
2023-09-25,5325,5350,5200,5300,131581100
2023-09-22,5350,5425,5350,5350,83184100
2023-09-21,5425,5425,5350,5350,68584900
2023-09-20,5350,5450,5350,5375,98710100
2023-09-19,5325,5375,5300,5375,61069300
2023-09-18,5350,5400,5300,5325,61329000
2023-09-15,5400,5450,5375,5375,141455400
2023-09-14,5325,5425,5325,5425,76831700
2023-09-13,5350,5425,5350,5400,59408000
2023-09-12,5450,5475,5375,5375,121654400
2023-09-11,5350,5425,5300,5425,80474100
2023-09-08,5425,5450,5300,5350,243324500
2023-09-07,5525,5550,5450,5450,157998600
2023-09-06,5625,5650,5575,5575,106367800
2023-09-05,5625,5650,5600,5625,72464300
2023-09-04,5600,5625,5575,5625,43898200
2023-09-01,5600,5600,5525,5575,87366100
2023-08-31,5525,5550,5475,5550,175088200
2023-08-30,5600,5600,5500,5525,171282700
2023-08-29,5525,5600,5525,5600,57547200
2023-08-28,5600,5625,5550,5550,37126600
2023-08-25,5550,5600,5525,5600,65096500
2023-08-24,5625,5625,5550,5550,74407500
2023-08-23,5600,5625,5575,5600,78686900
2023-08-22,5500,5625,5500,5575,101221500
2023-08-21,5550,5575,5500,5500,91640000
2023-08-18,5500,5600,5500,5575,121561200
2023-08-16,5550,5575,5450,5525,226754600
2023-08-15,5650,5675,5575,5575,89597300
2023-08-14,5650,5675,5575,5650,127358400
2023-08-11,5675,5700,5650,5650,74321000
2023-08-10,5675,5725,5675,5700,85574500
2023-08-09,5650,5725,5625,5700,91930000
2023-08-08,5700,5750,5600,5625,115672300
2023-08-07,5600,5725,5575,5700,88104900
2023-08-04,5700,5725,5575,5575,150738500
2023-08-03,5675,5750,5650,5700,82775000
2023-08-02,5650,5725,5650,5700,90611300
2023-08-01,5650,5750,5650,5700,100137500
2023-07-31,5700,5700,5650,5650,186727400
2023-07-28,5625,5700,5625,5700,74036700
2023-07-27,5675,5750,5650,5650,109859200
2023-07-26,5700,5700,5650,5675,76200300
2023-07-25,5625,5700,5625,5650,111248100
2023-07-24,5600,5650,5600,5600,62962500
2023-07-21,5600,5625,5575,5625,63094600
2023-07-20,5575,5650,5550,5625,111117300
2023-07-18,5625,5700,5600,5625,141884700
2023-07-17,5550,5625,5525,5575,166951300
2023-07-14,5450,5525,5425,5525,127814200
2023-07-13,5425,5475,5425,5450,134905700
2023-07-12,5450,5475,5425,5450,104993700
2023-07-11,5375,5450,5375,5425,122094700
2023-07-10,5425,5500,5400,5400,78972100
2023-07-07,5400,5425,5375,5375,114043800
2023-07-06,5450,5475,5400,5425,109446200
2023-07-05,5400,5450,5400,5450,109632800
2023-07-04,5500,5500,5425,5450,94462600
2023-07-03,5500,5550,5450,5475,168565800
2023-06-27,5450,5500,5425,5425,110778600
2023-06-26,5425,5475,5375,5450,85472100
2023-06-23,5425,5475,5400,5400,123350300
2023-06-22,5550,5600,5475,5475,94143200
2023-06-21,5500,5575,5500,5575,84658500
2023-06-20,5475,5550,5475,5550,102926800
2023-06-19,5500,5525,5450,5525,55144200
2023-06-16,5475,5550,5400,5550,189062600
2023-06-15,5475,5525,5450,5525,74388400
2023-06-14,5575,5575,5475,5550,79137600
2023-06-13,5400,5550,5400,5550,108831400
2023-06-12,5400,5400,5375,5400,92314200
2023-06-09,5425,5450,5375,5425,77348500
2023-06-08,5375,5475,5350,5475,92794100
2023-06-07,5475,5475,5350,5400,117647200
2023-06-06,5400,5500,5350,5450,92021400
2023-06-05,5600,5600,5425,5425,255472600
2023-05-31,5575,5575,5375,5575,506875200
2023-05-30,5500,5600,5500,5500,89882300
2023-05-29,5600,5625,5475,5550,125049100
2023-05-26,5425,5600,5425,5600,154003100
2023-05-25,5500,5575,5450,5475,197943500
2023-05-24,5525,5600,5450,5600,156211500
2023-05-23,5475,5600,5475,5500,221674600
2023-05-22,5300,5500,5300,5425,163193100
2023-05-19,5225,5450,5200,5400,166540800
2023-05-17,5250,5250,5175,5200,115835000
2023-05-16,5175,5200,5100,5200,86624300
2023-05-15,5150,5175,5025,5150,133630500
2023-05-12,5100,5175,5100,5150,77156700
2023-05-11,5175,5175,5100,5150,85625400
2023-05-10,5075,5150,5050,5150,108419000
2023-05-09,5050,5125,5025,5125,103015100
2023-05-08,5250,5250,5050,5100,107804200
2023-05-05,5225,5250,5125,5225,158898000
2023-05-04,5150,5175,5075,5150,120038600
2023-05-03,5225,5225,5050,5100,152483900
2023-05-02,5175,5175,5050,5150,113287400
2023-04-28,5175,5275,5100,5100,251912000
2023-04-27,4990,5150,4990,5150,161579000
2023-04-26,5150,5150,4930,5025,273336000
2023-04-18,4990,5025,4950,4950,96867000
2023-04-17,5075,5075,4960,4990,121238600
2023-04-14,5050,5100,5000,5075,168228700
2023-04-13,4950,5000,4930,4980,179405400
2023-04-12,4950,4950,4890,4930,166993800
2023-04-11,4860,4890,4830,4880,67289600
2023-04-10,4860,4860,4820,4860,40466300
2023-04-06,4860,4860,4820,4840,88035900
2023-04-05,4810,4880,4800,4830,119450400
2023-04-04,4800,4820,4760,4820,65766900
2023-04-03,4770,4800,4760,4800,115874700
2023-03-31,4730,4750,4710,4730,161595700
2023-03-30,4810,4810,4740,4750,98853500
2023-03-29,4800,4820,4770,4810,112591000
2023-03-28,4740,4780,4740,4770,88575500
2023-03-27,4750,4790,4720,4740,144957300
2023-03-24,4750,4820,4720,4770,311147800
2023-03-21,4870,4920,4840,4900,193095400
2023-03-20,4840,4880,4820,4880,114461300
2023-03-17,4770,4900,4750,4900,204810200
2023-03-16,4700,4750,4640,4730,141491300
2023-03-15,4760,4770,4700,4700,89886400
2023-03-14,4770,4790,4690,4710,193559600
2023-03-13,4810,4870,4770,4830,106769300
2023-03-10,4820,4830,4800,4820,125157100
2023-03-09,4860,4870,4810,4810,79549800
2023-03-08,4850,4850,4820,4840,103767800
2023-03-07,4770,4850,4770,4840,98412500
2023-03-06,4790,4800,4780,4790,78880100
2023-03-03,4800,4800,4730,4760,84777000
2023-03-02,4750,4780,4720,4780,59394100
2023-03-01,4730,4750,4700,4720,115578600
2023-02-28,4760,4790,4670,4670,273125500
2023-02-27,4780,4810,4760,4810,76714400
2023-02-24,4800,4840,4760,4760,60495900
2023-02-23,4810,4810,4730,4800,139206900
2023-02-22,4790,4810,4730,4760,122400600
2023-02-21,4880,4880,4820,4820,59319100
2023-02-20,4900,4900,4840,4880,88433000
2023-02-17,4890,4890,4830,4880,90548800
2023-02-16,4890,4890,4850,4870,69966900
2023-02-15,4890,4890,4810,4870,107131200
2023-02-14,4820,4870,4810,4870,101007200
2023-02-13,4900,4900,4800,4800,122509100
2023-02-10,4840,4880,4770,4860,181146600
2023-02-09,4790,4840,4770,4810,155917600
2023-02-08,4710,4790,4710,4790,168618100
2023-02-07,4740,4790,4720,4750,140923100
2023-02-06,4780,4810,4680,4740,141454400
2023-02-03,4650,4780,4630,4750,198944500
2023-02-02,4650,4680,4600,4600,125410800
2023-02-01,4630,4690,4620,4680,181954400
2023-01-31,4610,4620,4570,4580,211639100
2023-01-30,4650,4680,4570,4610,221100100
2023-01-27,4600,4680,4600,4640,160345400
2023-01-26,4560,4620,4550,4590,113894600
2023-01-25,4620,4620,4550,4560,73861500
2023-01-24,4660,4680,4590,4620,74760100
2023-01-20,4630,4670,4620,4650,99716100
2023-01-19,4590,4630,4580,4610,103197400
2023-01-18,4560,4620,4560,4600,178058900
2023-01-17,4520,4580,4510,4560,150577400
2023-01-16,4430,4530,4420,4520,162026700
2023-01-13,4510,4530,4420,4480,134661900
2023-01-12,4480,4520,4410,4500,191801400
2023-01-11,4410,4430,4360,4380,249085500
2023-01-10,4550,4570,4410,4430,250490000
2023-01-09,4580,4640,4550,4590,166620000
2023-01-06,4550,4640,4550,4620,175932000
2023-01-05,4750,4760,4570,4640,292142000
2023-01-04,4850,4850,4770,4770,188230000
2023-01-03,4830,4900,4830,4850,95179400
2023-01-02,4910,4920,4820,4870,109069900
2022-12-30,4870,4950,4870,4940,182091500
2022-12-29,4820,4870,4800,4870,106690700
2022-12-28,4870,4880,4810,4820,134315900
2022-12-27,4930,4950,4860,4870,81817500
2022-12-26,4900,4930,4890,4930,43590300
2022-12-23,4920,4940,4880,4880,53350600
2022-12-22,4910,4970,4900,4960,72725200
2022-12-21,4910,4940,4870,4890,71596900
2022-12-20,4930,4970,4890,4910,79066000
2022-12-19,4970,4980,4920,4970,64757100
2022-12-16,4820,4980,4820,4980,350112900
2022-12-15,4900,4940,4880,4910,143086000
2022-12-14,5000,5000,4870,4980,201343100
2022-12-13,4870,4980,4840,4970,158080300
2022-12-12,4800,4850,4760,4850,113787500
2022-12-09,4830,4840,4760,4800,180384800
2022-12-08,4760,4840,4710,4840,137593900
2022-12-07,4840,4840,4740,4760,219528600
2022-12-06,4860,4890,4800,4860,151347200
2022-12-05,4910,4930,4860,4890,106809900
2022-12-02,4900,4930,4860,4890,200044500
2022-12-01,5000,5025,4900,4940,240171100
2022-11-30,4810,4980,4800,4980,395465800
2022-11-29,4820,4860,4790,4850,166057400
2022-11-28,4730,4830,4730,4820,195211800
2022-11-25,4700,4750,4690,4750,152038400
2022-11-24,4700,4740,4670,4720,168898100
2022-11-23,4640,4670,4630,4670,148640900
2022-11-22,4570,4670,4570,4590,154866000
2022-11-21,4620,4630,4560,4590,96343400
2022-11-18,4670,4680,4610,4610,105351900
2022-11-17,4520,4670,4500,4670,217126700
2022-11-16,4590,4610,4490,4520,249900500
2022-11-15,4580,4610,4560,4580,71985700
2022-11-14,4620,4640,4550,4580,156892500
2022-11-11,4620,4650,4590,4650,153238500
2022-11-10,4560,4580,4520,4530,173833100
2022-11-09,4600,4650,4600,4650,94722900
2022-11-08,4690,4690,4610,4620,81049600
2022-11-07,4650,4690,4610,4690,84930700
2022-11-04,4650,4660,4610,4650,73008300
2022-11-03,4630,4660,4590,4650,147388900
2022-11-02,4680,4680,4570,4610,145301400
2022-11-01,4690,4700,4630,4660,214442200
2022-10-31,4630,4680,4630,4650,227969800
2022-10-28,4600,4630,4560,4630,189534700
2022-10-27,4550,4600,4530,4600,131407700
2022-10-26,4600,4610,4500,4530,164992200
2022-10-25,4560,4610,4550,4590,237856900
2022-10-24,4430,4540,4430,4500,186997700
2022-10-21,4360,4460,4360,4430,165052200
2022-10-20,4280,4400,4280,4390,149521700
2022-10-19,4280,4340,4280,4300,81682300
2022-10-18,4280,4340,4280,4290,161444100
2022-10-17,4270,4320,4260,4300,145506000
2022-10-14,4380,4390,4270,4270,182095700
2022-10-13,4390,4420,4350,4350,104269900
2022-10-12,4470,4470,4400,4400,128747800
2022-10-11,4390,4430,4370,4430,133742200
2022-10-10,4420,4430,4340,4370,193923600
2022-10-07,4480,4490,4430,4440,133678600
2022-10-06,4540,4570,4510,4510,123346200
2022-10-05,4660,4660,4540,4540,182246200
2022-10-04,4560,4650,4560,4640,256367100
2022-10-03,4500,4550,4480,4530,159559600
2022-09-30,4450,4510,4410,4490,224229200
2022-09-29,4520,4540,4460,4480,169368600
2022-09-28,4510,4560,4480,4520,161815300
2022-09-27,4500,4550,4480,4530,213704600
2022-09-26,4480,4540,4410,4540,280747500
2022-09-23,4540,4560,4480,4480,139074000
2022-09-22,4500,4580,4500,4560,100425300
2022-09-21,4490,4550,4470,4550,159976900
2022-09-20,4570,4600,4490,4490,138695500
2022-09-19,4520,4600,4500,4570,134432000
2022-09-16,4610,4620,4500,4500,282492200
2022-09-15,4600,4700,4590,4610,295664100
2022-09-14,4520,4610,4510,4580,149960600
2022-09-13,4560,4640,4560,4580,141828800
2022-09-12,4610,4630,4560,4560,97988000
2022-09-09,4640,4640,4570,4610,119286700
2022-09-08,4480,4620,4480,4600,250373200
2022-09-07,4510,4550,4460,4460,212065700
2022-09-06,4670,4690,4550,4560,188117100
2022-09-05,4430,4600,4420,4590,261126600
2022-09-02,4410,4450,4380,4450,189113000
2022-09-01,4320,4390,4310,4390,139997700
2022-08-31,4250,4350,4240,4340,191475700
2022-08-30,4250,4300,4250,4260,136627300
2022-08-29,4250,4270,4220,4250,105715200
2022-08-26,4280,4290,4270,4270,87375200
2022-08-25,4280,4300,4270,4270,117653800
2022-08-24,4300,4330,4280,4290,75055900
2022-08-23,4260,4310,4260,4300,107799500
2022-08-22,4320,4330,4270,4270,121124400
2022-08-19,4340,4340,4300,4300,84552100
2022-08-18,4330,4340,4310,4330,138795300
2022-08-16,4350,4350,4270,4280,205432400
2022-08-15,4330,4350,4300,4300,135099400
2022-08-12,4340,4350,4320,4320,104325400
2022-08-11,4380,4410,4340,4350,193329000
2022-08-10,4350,4370,4300,4310,205341100
2022-08-09,4400,4470,4390,4410,181747100
2022-08-08,4360,4400,4340,4370,107242600
2022-08-05,4360,4400,4320,4360,168879400
2022-08-04,4380,4390,4350,4360,96960600
2022-08-03,4410,4420,4350,4380,103426000
2022-08-02,4360,4400,4300,4400,173931200
2022-08-01,4390,4410,4330,4360,200791700
2022-07-29,4390,4430,4340,4360,228669400
2022-07-28,4340,4400,4340,4360,136421400
2022-07-27,4380,4380,4300,4320,88570800
2022-07-26,4270,4350,4260,4330,97709800
2022-07-25,4250,4300,4250,4250,60952800
2022-07-22,4330,4330,4270,4270,86561100
2022-07-21,4300,4310,4230,4310,130405400
2022-07-20,4180,4300,4160,4300,220223600
2022-07-19,4150,4150,4110,4110,122905900
2022-07-18,4110,4140,4080,4140,135284500
2022-07-15,4060,4120,4050,4110,91362800
2022-07-14,4010,4090,4010,4070,188729700
2022-07-13,4110,4130,4030,4060,165745200
2022-07-12,4120,4140,4100,4110,56085200
2022-07-11,4150,4170,4100,4120,80867700
2022-07-08,4090,4200,4050,4200,112914000
2022-07-07,4040,4110,4040,4050,172127500
2022-07-06,4050,4100,4020,4080,125309100
2022-07-05,4040,4160,4040,4090,180648400
2022-07-04,4090,4120,3960,4040,246853600
2022-07-01,4150,4200,4110,4140,154659500
2022-06-30,4120,4220,4120,4150,239939100
2022-06-29,4280,4310,4180,4180,199246800
2022-06-28,4320,4330,4280,4300,161054900
2022-06-27,4310,4330,4270,4280,152449600
2022-06-24,4320,4350,4310,4340,66083900
2022-06-23,4300,4360,4300,4310,127600700
2022-06-22,4410,4410,4310,4320,106208500
2022-06-21,4430,4430,4380,4380,103964600
2022-06-20,4400,4410,4340,4400,95058800
2022-06-17,4370,4400,4350,4370,185763100
2022-06-16,4420,4530,4410,4430,240023000
2022-06-15,4360,4450,4360,4450,160729900
2022-06-14,4300,4410,4300,4360,150381800
2022-06-13,4260,4350,4260,4340,164017200
2022-06-10,4470,4470,4360,4400,222410400
2022-06-09,4500,4520,4480,4490,161768800
2022-06-08,4400,4470,4380,4470,150604000
2022-06-07,4460,4460,4400,4400,133318000
2022-06-06,4470,4510,4400,4430,157277700
2022-06-03,4530,4570,4510,4520,117643300
2022-06-02,4540,4600,4480,4480,225697500
2022-05-31,4470,4630,4450,4630,379626500
2022-05-30,4540,4540,4390,4430,193724500
2022-05-27,4500,4540,4440,4540,209962100
2022-05-25,4430,4450,4350,4350,138961700
2022-05-24,4320,4500,4320,4460,165758600
2022-05-23,4410,4440,4320,4330,175709000
2022-05-20,4440,4490,4410,4430,122101000
2022-05-19,4350,4460,4300,4440,132614900
2022-05-18,4500,4530,4430,4450,129716500
2022-05-17,4270,4520,4270,4450,272650400
2022-05-13,4250,4360,4250,4250,336711300
2022-05-12,4490,4490,4300,4320,207373600
2022-05-11,4550,4580,4480,4490,205233800
2022-05-10,4260,4530,4260,4530,435782800
2022-05-09,4750,4760,4530,4530,561600400
2022-04-28,4870,4930,4860,4870,193821200
2022-04-27,4900,4930,4850,4850,191955100
2022-04-26,4840,4980,4830,4940,262734300
2022-04-25,4700,4850,4670,4840,235752400
2022-04-22,4750,4850,4720,4750,174349500
2022-04-21,4850,4850,4760,4800,208253300
2022-04-20,4610,4870,4600,4850,404383100
2022-04-19,4550,4600,4540,4570,148475600
2022-04-18,4550,4580,4540,4550,82795100
2022-04-14,4600,4610,4530,4540,150659600
2022-04-13,4640,4640,4590,4610,112327600
2022-04-12,4550,4610,4550,4610,96961200
2022-04-11,4600,4620,4570,4570,109861100
2022-04-08,4630,4650,4600,4610,125657900
2022-04-07,4670,4670,4620,4630,91942500
2022-04-06,4690,4690,4600,4600,111009800
2022-04-05,4730,4740,4670,4700,76154300
2022-04-04,4730,4730,4660,4700,103902000
2022-04-01,4690,4730,4630,4730,145105000
2022-03-31,4700,4750,4660,4660,158650000
2022-03-30,4740,4740,4690,4710,83364400
2022-03-29,4750,4750,4670,4690,93155100
2022-03-28,4730,4740,4670,4730,106801800
2022-03-25,4760,4760,4650,4710,137104800
2022-03-24,4640,4730,4620,4730,206271600
2022-03-23,4680,4690,4620,4650,146545100
2022-03-22,4690,4710,4640,4640,177758500
2022-03-21,4600,4630,4560,4590,118791900
2022-03-18,4700,4700,4580,4580,257863400
2022-03-17,4690,4700,4610,4650,224068000
2022-03-16,4650,4660,4610,4650,226817000
2022-03-15,4550,4640,4530,4610,357755700
2022-03-14,4440,4540,4410,4520,212052100
2022-03-11,4400,4440,4370,4400,275965300
2022-03-10,4640,4640,4510,4570,225575800
2022-03-09,4530,4590,4500,4570,191967100
2022-03-08,4500,4560,4430,4430,214870200
2022-03-07,4580,4630,4520,4520,224515800
2022-03-04,4720,4730,4610,4670,292022600
2022-03-02,4680,4690,4550,4560,186635200
2022-03-01,4850,4860,4630,4630,494657800
2022-02-25,4450,4550,4410,4550,301346400
2022-02-24,4470,4470,4370,4390,217523600
2022-02-23,4520,4520,4460,4480,160827800
2022-02-22,4440,4470,4420,4430,109060900
2022-02-21,4460,4490,4440,4490,133717300
2022-02-18,4400,4440,4370,4430,127058000
2022-02-17,4390,4410,4340,4400,118305100
2022-02-16,4470,4470,4410,4420,89636300
2022-02-15,4440,4450,4390,4430,96658500
2022-02-14,4450,4450,4380,4410,105260000
2022-02-11,4420,4450,4380,4450,103418200
2022-02-10,4500,4500,4450,4470,112521600
2022-02-09,4400,4500,4380,4450,149000100
2022-02-08,4450,4550,4400,4440,310878100
2022-02-07,4240,4410,4220,4400,468016600
2022-02-04,4170,4210,4150,4210,236602900
2022-02-03,4180,4180,4130,4130,157898800
2022-02-02,4120,4120,4060,4070,81546300
2022-01-31,4170,4170,4070,4070,78498500
2022-01-28,4170,4170,4090,4140,84812100
2022-01-27,4070,4140,4060,4140,80682900
2022-01-26,4030,4100,4030,4090,97589500
2022-01-25,4100,4110,4000,4070,185007800
2022-01-24,4140,4160,4100,4120,76709900
2022-01-21,4130,4170,4110,4170,84972500
2022-01-20,4130,4160,4110,4130,86394600
2022-01-19,4210,4210,4130,4130,109954700
2022-01-18,4240,4240,4140,4190,120275000
2022-01-17,4200,4210,4180,4210,102957100
2022-01-14,4190,4210,4160,4180,110213800
2022-01-13,4180,4190,4170,4190,103522400
2022-01-12,4170,4180,4130,4160,65907000
2022-01-11,4180,4180,4130,4150,99404900
2022-01-10,4190,4210,4180,4180,70722600
2022-01-07,4170,4200,4150,4190,101275000
2022-01-06,4240,4240,4140,4160,137280000
2022-01-05,4180,4230,4130,4210,174376400
2022-01-04,4200,4210,4160,4160,93950000
2022-01-03,4120,4190,4090,4180,90842500
2021-12-30,4080,4140,4060,4110,146989400
2021-12-29,4090,4100,4070,4080,27676500
2021-12-28,4090,4110,4070,4090,52952500
2021-12-27,4070,4110,4060,4060,65491200
2021-12-24,4100,4120,4050,4070,59795000
2021-12-23,4090,4110,4060,4100,72736800
2021-12-22,4100,4110,4050,4050,104738000
2021-12-21,4100,4120,4080,4080,109561800
2021-12-20,4070,4130,4060,4120,89198900
2021-12-17,4090,4140,4090,4110,153165400
2021-12-16,4220,4220,4120,4140,136646600
2021-12-15,4150,4230,4140,4200,124522800
2021-12-14,4150,4160,4130,4130,100110000
2021-12-13,4170,4200,4160,4160,86848900
2021-12-10,4130,4160,4130,4130,122999200
2021-12-09,4220,4220,4160,4190,90471500
2021-12-08,4250,4250,4170,4210,143230200
2021-12-07,4190,4230,4160,4230,182048000
2021-12-06,4200,4220,4110,4110,106610000
2021-12-03,4210,4220,4170,4170,93227100
2021-12-02,4060,4220,4060,4200,139281800
2021-12-01,4090,4180,4070,4080,163457900
2021-11-30,4150,4220,4090,4090,316653200
2021-11-29,4150,4190,4080,4170,164312800
2021-11-26,4190,4220,4150,4160,148652500
2021-11-25,4180,4250,4180,4220,123609400
2021-11-24,4200,4230,4190,4210,111072800
2021-11-23,4280,4280,4200,4210,104294200
2021-11-22,4310,4310,4250,4280,151514000
2021-11-19,4220,4290,4220,4280,182167700
2021-11-18,4150,4190,4140,4180,114881200
2021-11-17,4170,4200,4160,4200,126523700
2021-11-16,4120,4170,4120,4130,163555000
2021-11-15,4220,4220,4140,4160,220142300
2021-11-12,4270,4290,4210,4220,80234400
2021-11-11,4290,4300,4230,4250,149637700
2021-11-10,4230,4260,4210,4250,69475400
2021-11-09,4230,4250,4220,4250,92453200
2021-11-08,4250,4260,4220,4230,79465600
2021-11-05,4270,4270,4210,4240,74347000
2021-11-04,4330,4340,4250,4250,119591100
2021-11-03,4250,4300,4210,4290,100486300
2021-11-02,4270,4270,4210,4210,124799700
2021-11-01,4330,4330,4220,4230,102079300
2021-10-29,4300,4300,4220,4250,155011100
2021-10-28,4210,4300,4200,4240,159645200
2021-10-27,4330,4340,4260,4290,258038300
2021-10-26,4280,4370,4270,4350,108782400
2021-10-25,4330,4370,4300,4300,128240100
2021-10-22,4340,4400,4320,4400,160459300
2021-10-21,4450,4460,4320,4360,319230200
2021-10-19,4450,4450,4360,4400,161256300
2021-10-18,4350,4410,4340,4410,286829000
2021-10-15,4250,4330,4220,4320,318189600
2021-10-14,4280,4350,4230,4250,196989500
2021-10-13,4230,4300,4220,4280,264629400
2021-10-12,4180,4240,4180,4220,241196000
2021-10-11,4160,4200,4130,4180,146720100
2021-10-08,4190,4240,4130,4160,196631600
2021-10-07,4150,4170,4070,4120,264905400
2021-10-06,3920,4150,3920,4120,446708800
2021-10-05,3950,3980,3910,3930,236562700
2021-10-04,3900,4010,3890,3970,335762600
2021-10-01,3850,3920,3830,3900,359864700
2021-09-30,3760,3870,3750,3850,416099000
2021-09-29,3720,3750,3690,3740,143081800
2021-09-28,3770,3770,3690,3720,306827400
2021-09-27,3770,3800,3730,3750,380151200
2021-09-24,3790,3860,3770,3820,634549600
2021-09-23,3600,3770,3590,3770,432390800
2021-09-22,3520,3650,3520,3610,416087300
2021-09-21,3510,3580,3500,3570,410533900
2021-09-20,3590,3590,3510,3590,357971300
2021-09-17,3630,3640,3570,3610,346529100
2021-09-16,3650,3660,3610,3640,194782800
2021-09-15,3670,3670,3620,3660,263544000
2021-09-14,3720,3730,3660,3700,216363400
2021-09-13,3710,3750,3660,3700,169825000
2021-09-10,3710,3790,3670,3780,177033000
2021-09-09,3700,3770,3650,3730,306319600
2021-09-08,3820,3880,3720,3730,228087900
2021-09-07,3890,3920,3870,3910,127616300
2021-09-06,3950,3980,3850,3850,171751300
2021-09-03,3850,3930,3810,3930,150049100
2021-09-02,3860,3890,3840,3870,73855400
2021-09-01,3930,3930,3880,3890,88808900
2021-08-31,3940,3950,3870,3930,122615600
2021-08-30,3850,3940,3840,3940,116852400
2021-08-27,3890,3890,3830,3840,72270500
2021-08-26,3890,3900,3840,3870,62857400
2021-08-25,3850,3900,3850,3890,78700000
2021-08-24,3950,3960,3830,3890,137163100
2021-08-23,3980,3990,3930,3960,61938800
2021-08-20,3880,3940,3830,3930,80299100
2021-08-19,4000,4020,3860,3880,198373600
2021-08-18,3990,4090,3930,4070,224861000
2021-08-16,3870,3930,3840,3930,63711200
2021-08-13,3820,3880,3820,3870,95298300
2021-08-12,3850,3850,3800,3810,85874900
2021-08-10,3890,3890,3810,3820,85771200
2021-08-09,3940,3950,3820,3850,93093100
2021-08-06,4050,4060,3900,3930,138594800
2021-08-05,3900,4090,3900,4050,267404100
2021-08-04,3790,3850,3770,3850,83496200
2021-08-03,3740,3780,3720,3750,79873600
2021-08-02,3770,3770,3700,3740,96187100
2021-07-30,3830,3830,3710,3710,103301100
2021-07-29,3760,3840,3750,3770,93469200
2021-07-28,3800,3810,3720,3730,70705400
2021-07-27,3860,3860,3770,3800,90672700
2021-07-26,3900,3900,3820,3830,81996800
2021-07-23,3940,3950,3830,3870,87235100
2021-07-22,3870,3910,3840,3900,85309600
2021-07-21,3850,3880,3810,3820,100915300
2021-07-19,3850,3850,3780,3780,63023000
2021-07-16,3850,3860,3810,3840,98486200
2021-07-15,3750,3840,3730,3810,127139100
2021-07-14,3780,3800,3700,3710,105184100
2021-07-13,3800,3800,3760,3780,159709500
2021-07-12,3800,3820,3750,3760,119727200
2021-07-09,3860,3870,3780,3800,127826500
2021-07-08,3890,3900,3820,3870,147587600
2021-07-07,3920,3940,3810,3820,148723800
2021-07-06,3950,3950,3890,3890,55317000
2021-07-05,3930,3960,3880,3900,84968300
2021-07-02,4000,4030,3970,3990,85301200
2021-07-01,3940,3970,3910,3940,95671900
2021-06-30,3900,3970,3890,3940,112847100
2021-06-29,3860,3910,3860,3900,121772800
2021-06-28,3980,3990,3930,3930,141231800
2021-06-25,4030,4040,3990,3990,75589800
2021-06-24,4000,4010,3960,3990,50382000
2021-06-23,4050,4070,3940,3940,162498800
2021-06-22,3940,4070,3920,4040,120755000
2021-06-21,3880,3970,3860,3940,145038200
2021-06-18,4060,4060,3910,3910,296000300
2021-06-17,3980,4070,3930,4030,305679700
2021-06-16,4150,4170,4010,4010,437267600
2021-06-15,4350,4350,4210,4230,182463800
2021-06-14,4330,4350,4280,4350,121237400
2021-06-11,4350,4350,4280,4280,52553100
2021-06-10,4280,4320,4260,4300,97257300
2021-06-09,4100,4270,4100,4220,97665400
2021-06-08,4280,4280,4190,4200,98987900
2021-06-07,4340,4350,4210,4250,138866500
2021-06-04,4380,4390,4290,4340,125583500
2021-06-03,4270,4360,4220,4360,157674300
2021-06-02,4350,4380,4230,4260,283865400
2021-05-31,4130,4280,4110,4260,296848200
2021-05-28,4040,4170,4020,4070,249177000
2021-05-27,4140,4190,3950,3950,566074500
2021-05-25,4070,4140,4040,4060,153339900
2021-05-24,3970,4060,3910,4040,133806900
2021-05-22,4000,4210,3900,4160,6819800
2021-05-21,3920,3950,3860,3890,110111400
2021-05-20,3840,3930,3820,3880,149845300
2021-05-19,3850,3940,3850,3870,123005100
2021-05-18,3960,3960,3890,3900,115704100
2021-05-17,3960,4000,3900,3900,195291900
2021-05-11,4030,4040,3980,3990,151844200
2021-05-10,4050,4090,4050,4050,73978500
2021-05-07,4140,4140,4040,4050,75778900
2021-05-06,4130,4130,4070,4110,78386100
2021-05-05,4110,4130,4080,4090,106654100
2021-05-04,4020,4070,4010,4060,76623800
2021-05-03,4060,4070,4000,4010,112939600
2021-04-30,4150,4160,4050,4050,234084900
2021-04-29,4190,4200,4140,4160,113372000
2021-04-28,4170,4220,4130,4130,115076300
2021-04-27,4200,4200,4150,4170,132799600
2021-04-26,4240,4250,4130,4140,143058700
2021-04-23,4200,4280,4190,4250,109555800
2021-04-22,4230,4260,4200,4200,108010700
2021-04-21,4240,4290,4230,4230,47230100
2021-04-20,4290,4330,4220,4310,89285800
2021-04-19,4360,4380,4310,4380,56531400
2021-04-16,4450,4460,4310,4340,67722200
2021-04-15,4390,4410,4280,4410,78427900
2021-04-14,4280,4350,4220,4350,103208800
2021-04-13,4210,4260,4120,4160,109258700
2021-04-12,4390,4390,4200,4210,104651900
2021-04-09,4380,4400,4350,4350,113886800
2021-04-08,4250,4360,4230,4350,144154400
2021-04-07,4230,4240,4160,4200,106319800
2021-04-06,4170,4230,4150,4200,152105800
2021-04-05,4320,4330,4160,4200,314116300
2021-04-01,4350,4370,4210,4290,309252700
2021-03-31,4450,4480,4260,4400,293758300
2021-03-30,4700,4700,4480,4500,195358500
2021-03-29,4780,4780,4720,4720,97096100
2021-03-26,4630,4720,4620,4720,97251100
2021-03-25,4700,4700,4580,4620,86494000
2021-03-24,4730,4730,4650,4670,109556600
2021-03-23,4720,4720,4650,4670,104576700
2021-03-22,4700,4700,4620,4630,60999200
2021-03-19,4750,4750,4670,4670,151268300
2021-03-18,4710,4770,4690,4760,86939900
2021-03-17,4680,4700,4600,4670,105676200
2021-03-16,4660,4770,4610,4720,137296600
2021-03-15,4580,4630,4560,4570,86801300
2021-03-12,4690,4690,4540,4580,138506800
2021-03-10,4650,4660,4590,4630,70367800
2021-03-09,4750,4750,4560,4580,150476600
2021-03-08,4800,4820,4730,4730,63560400
2021-03-05,4740,4770,4700,4770,64715600
2021-03-04,4850,4850,4730,4760,107177400
2021-03-03,4800,4850,4740,4850,77295700
2021-03-02,4870,4880,4800,4800,68358600
2021-03-01,4800,4830,4720,4830,115471100
2021-02-26,4730,4750,4700,4710,147085100
2021-02-25,4770,4770,4670,4730,119666500
2021-02-24,4790,4820,4710,4730,95982000
2021-02-23,4810,4830,4740,4790,98008100
2021-02-22,4850,4870,4760,4790,143288100
2021-02-19,4600,4790,4600,4790,99893400
2021-02-18,4700,4770,4650,4670,138260600
2021-02-17,4710,4730,4620,4630,92298000
2021-02-16,4740,4740,4660,4670,65111300
2021-02-15,4710,4780,4700,4710,84687800
2021-02-11,4700,4710,4630,4680,90618400
2021-02-10,4630,4710,4600,4650,183774900
2021-02-09,4500,4770,4500,4620,422144400
2021-02-08,4530,4530,4450,4460,109288100
2021-02-05,4540,4540,4420,4470,90003100
2021-02-04,4450,4580,4370,4490,147742900
2021-02-03,4480,4480,4360,4380,112944600
2021-02-02,4490,4490,4260,4360,152295400
2021-02-01,4180,4440,3960,4400,322825100
2021-01-29,4570,4610,4180,4180,280201400
2021-01-28,4580,4650,4420,4470,160243000
2021-01-27,4650,4720,4500,4620,180626300
2021-01-26,4780,4790,4620,4650,148952500
2021-01-25,4790,4790,4610,4780,150250800
2021-01-22,4860,4860,4680,4720,166662700
2021-01-21,4920,4950,4770,4790,161156700
2021-01-20,4670,4920,4650,4890,252471500
2021-01-19,4700,4700,4610,4620,138570500
2021-01-18,4580,4650,4540,4620,165968700
2021-01-15,4770,4770,4550,4580,204714500
2021-01-14,4820,4830,4720,4770,133616600
2021-01-13,4770,4840,4750,4790,210161400
2021-01-12,4680,4770,4670,4720,236714500
2021-01-11,4420,4660,4410,4650,383714500
2021-01-08,4330,4390,4300,4390,186370900
2021-01-07,4260,4290,4210,4280,128905400
2021-01-06,4280,4300,4160,4200,116634000
2021-01-05,4300,4300,4240,4270,97239100
2021-01-04,4150,4320,4150,4310,96568200
2020-12-30,4190,4210,4130,4170,90020900
2020-12-29,4250,4280,4170,4180,75203600
2020-12-28,4250,4260,4160,4250,86117000
2020-12-23,4150,4180,3950,4160,170156900
2020-12-22,4240,4280,4120,4130,171484000
2020-12-21,4330,4340,4210,4210,218968900
2020-12-18,4270,4300,4270,4280,207410700
2020-12-17,4360,4360,4310,4330,141727100
2020-12-16,4340,4350,4300,4320,130044800
2020-12-15,4280,4290,4240,4280,133712000
2020-12-14,4300,4310,4270,4280,127385200
2020-12-11,4400,4400,4260,4280,174446900
2020-12-10,4450,4450,4330,4330,193630600
2020-12-08,4400,4400,4340,4400,81272000
2020-12-07,4350,4420,4350,4400,140849600
2020-12-04,4400,4400,4270,4300,150379700
2020-12-03,4350,4400,4300,4400,198985500
2020-12-02,4320,4340,4250,4300,136348400
2020-12-01,4130,4260,4070,4240,228412600
2020-11-30,4250,4280,3990,4090,448799300
2020-11-27,4330,4370,4270,4270,114940800
2020-11-26,4220,4320,4220,4290,136526100
2020-11-25,4320,4390,4250,4320,283337800
2020-11-24,4120,4230,4080,4200,206164400
2020-11-23,4010,4100,4010,4080,123510900
2020-11-20,4040,4080,3990,4020,124785400
2020-11-19,4010,4130,3980,4040,199700800
2020-11-18,3980,4050,3970,4040,182657300
2020-11-17,4000,4020,3930,3960,180851100
2020-11-16,4050,4070,3930,3960,193022100
2020-11-13,3970,4080,3960,4000,237374000
2020-11-12,4100,4100,3920,3950,333297500
2020-11-11,3970,4190,3950,4120,357098000
2020-11-10,3800,4010,3770,4000,565562100
2020-11-09,3680,3690,3580,3690,257455400
2020-11-06,3510,3600,3470,3560,268767800
2020-11-05,3370,3490,3360,3490,234792600
2020-11-04,3420,3420,3290,3290,138230100
2020-11-03,3390,3400,3360,3380,121456100
2020-11-02,3360,3390,3300,3380,156784000
2020-10-27,3340,3400,3330,3360,183306100
2020-10-26,3300,3360,3290,3340,101222500
2020-10-23,3350,3350,3270,3290,117246500
2020-10-22,3220,3300,3200,3300,160136600
2020-10-21,3280,3310,3230,3240,116981800
2020-10-20,3280,3290,3210,3250,134038300
2020-10-19,3260,3290,3230,3280,96199300
2020-10-16,3340,3360,3210,3250,140443600
2020-10-15,3360,3380,3310,3310,183294800
2020-10-14,3300,3380,3290,3360,193879700
2020-10-13,3190,3300,3150,3280,204438200
2020-10-12,3160,3210,3150,3190,156519700
2020-10-09,3150,3170,3120,3150,81127400
2020-10-08,3150,3170,3110,3150,123924000
2020-10-07,3160,3170,3080,3120,288740100
2020-10-06,3220,3240,3180,3190,120816800
2020-10-05,3160,3170,3110,3160,92722900
2020-10-02,3180,3210,3060,3100,157063600
2020-10-01,3090,3170,3060,3160,130031000
2020-09-30,3060,3080,3000,3040,167835700
2020-09-29,3120,3160,3020,3040,182697100
2020-09-28,3180,3230,3080,3090,135465800
2020-09-25,3060,3180,3040,3160,169418100
2020-09-24,3030,3080,3010,3030,164151300
2020-09-23,3170,3180,3050,3080,120607900
2020-09-22,3110,3190,3100,3130,134585500
2020-09-21,3200,3250,3150,3190,114168800
2020-09-18,3200,3270,3190,3220,202880500
2020-09-17,3270,3310,3170,3200,167611400
2020-09-16,3370,3390,3240,3260,138529300
2020-09-15,3440,3460,3310,3330,195531100
2020-09-14,3300,3450,3300,3440,275888700
2020-09-11,3020,3310,3010,3250,583497600
2020-09-10,3300,3300,3180,3180,277847900
2020-09-09,3480,3490,3380,3410,178435500
2020-09-08,3510,3570,3510,3520,81381900
2020-09-07,3550,3570,3500,3510,94814200
2020-09-04,0,3610,3480,3550,134555700
2020-09-03,0,3690,3550,3580,179612400
2020-09-02,0,3660,3590,3660,106924600
2020-09-01,0,3630,3480,3610,196959300
2020-08-31,0,3740,3500,3510,266042400
2020-08-28,0,3740,3650,3690,77888200
2020-08-27,0,3780,3660,3700,187984900
2020-08-26,0,3820,3700,3740,161962800
2020-08-25,0,3800,3640,3800,179300000
2020-08-24,0,3650,3520,3640,194972300
2020-08-19,0,3640,3520,3560,217533000
2020-08-18,0,3530,3340,3520,262001000
2020-08-14,0,3350,3280,3340,99152200
2020-08-13,0,3450,3300,3330,214222600
2020-08-12,0,3370,3190,3350,459419200
2020-08-11,0,3220,3130,3190,172459100
2020-08-10,0,3150,3100,3130,91465200
2020-08-07,0,3130,3060,3110,89917300
2020-08-06,0,3130,3090,3110,114602400
2020-08-05,0,3110,3040,3080,161496000
2020-08-04,0,3080,3000,3080,156288000
2020-08-03,0,3180,2970,2990,339279900
2020-07-30,0,3170,3110,3160,78478700
2020-07-29,0,3150,3100,3120,67176700
2020-07-28,0,3170,3100,3140,103419800
2020-07-27,0,3150,3090,3150,94516900
2020-07-24,0,3140,3090,3090,94805600
2020-07-23,0,3160,3100,3140,147857700
2020-07-22,0,3170,3090,3100,173557500
2020-07-21,0,3180,3050,3150,204157000
2020-07-20,0,3130,3030,3050,136548700
2020-07-17,0,3150,3100,3100,119587700
2020-07-16,0,3160,3130,3140,117097200
2020-07-15,0,3240,3130,3130,165721200
2020-07-14,0,3250,3130,3170,211237700
2020-07-13,0,3180,3050,3160,95863700
2020-07-10,0,3150,3100,3110,107116200
2020-07-09,0,3230,3140,3140,192182300
2020-07-08,0,3200,3030,3190,339667600
2020-07-07,0,3080,3030,3030,207371700
2020-07-06,0,3100,3030,3040,134677700
2020-07-03,0,3090,3040,3050,49472800
2020-07-02,0,3090,3040,3060,169484600
2020-07-01,0,3070,3030,3060,101290700
2020-06-30,0,3110,3030,3030,134014700
2020-06-29,0,3060,2980,3040,118809900
2020-06-26,0,3120,3020,3030,147306200
2020-06-25,0,3110,3040,3060,158209300
2020-06-24,0,3140,3010,3120,308484300
2020-06-23,0,3060,2980,3010,171421500
2020-06-22,0,3110,3030,3060,95377000
2020-06-19,0,3110,3060,3100,166969600
2020-06-18,0,3120,3040,3050,130942600
2020-06-17,0,3200,3080,3100,218180800
2020-06-16,0,3150,2960,3130,338682000
2020-06-15,0,3050,2890,2900,230766700
2020-06-12,0,3040,2800,3030,472128400
2020-06-11,0,3130,2900,2970,372347500
2020-06-10,0,3180,3000,3030,443231300
2020-06-09,0,3360,3210,3210,254497400
2020-06-08,0,3370,3170,3300,384332100
2020-06-05,0,3130,2960,3110,267393400
2020-06-04,0,3200,3030,3060,250143200
2020-06-03,0,3280,3010,3100,438099000
2020-06-02,0,3290,2950,3180,467460800
2020-05-29,0,2950,2700,2950,872607300
2020-05-28,0,2780,2640,2730,453391300
2020-05-27,0,2630,2520,2630,432813000
2020-05-26,0,2550,2470,2520,404097300
2020-05-20,0,2500,2320,2480,394395900
2020-05-19,0,2420,2250,2370,531310100
2020-05-18,0,2270,2160,2170,455462600
2020-05-15,0,2400,2210,2240,594658300
2020-05-14,0,2480,2330,2350,470265100
2020-05-13,0,2520,2440,2470,338592200
2020-05-12,0,2630,2470,2490,368672700
2020-05-11,0,2640,2600,2620,154599200
2020-05-08,0,2660,2580,2590,205764900
2020-05-06,0,2650,2600,2620,173052900
2020-05-05,0,2680,2610,2630,184761500
2020-05-04,0,2680,2600,2630,200608900
2020-04-30,0,2740,2610,2730,432073900
2020-04-29,0,2620,2560,2580,209136400
2020-04-28,0,2690,2570,2590,268296100
2020-04-27,0,2700,2610,2660,182608400
2020-04-24,0,2800,2630,2630,293711300
2020-04-23,0,2880,2790,2800,216170700
2020-04-22,0,2830,2650,2790,179543300
2020-04-21,0,2790,2690,2720,132873300
2020-04-20,0,2900,2760,2780,222008500
2020-04-17,0,2840,2660,2830,402325500
2020-04-16,0,2770,2580,2610,367748800
2020-04-15,0,2990,2730,2760,319095100
2020-04-14,0,2900,2770,2900,219734000
2020-04-13,0,2840,2700,2770,123731400
2020-04-09,0,2910,2750,2790,265787000
2020-04-08,0,3040,2820,2820,292946600
2020-04-07,0,3240,2950,3030,405389200
2020-04-06,0,3030,2910,3020,285099900
2020-04-03,0,2950,2830,2890,293146900
2020-04-02,0,2900,2800,2870,299882400
2020-04-01,0,3080,2900,2930,271743600
2020-03-31,0,3200,2970,3020,314996600
2020-03-30,0,3150,3010,3010,217509200
2020-03-27,0,3670,3000,3230,480930500
2020-03-26,0,3000,2500,2940,634588200
2020-03-24,0,2750,2440,2440,495129300
2020-03-23,0,2700,2620,2620,164404600
2020-03-20,0,2970,2730,2810,598363000
2020-03-19,0,3140,2930,2930,137946900
2020-03-18,0,3440,3090,3140,248104200
2020-03-17,0,3570,3260,3260,208568600
2020-03-16,0,3750,3460,3500,178420500
2020-03-13,0,3770,3360,3720,268837000
2020-03-12,3820,3840,3600,3610,151940600
2020-03-11,3950,4030,3880,3910,177519900
2020-03-10,3780,4030,3780,3910,165975500
2020-03-09,3900,3950,3750,3750,149028700
2020-03-06,4040,4050,4000,4010,159391900
2020-03-05,4290,4300,4130,4150,133588200
2020-03-04,4140,4240,4130,4220,116305200
2020-03-03,4050,4180,4000,4100,198413400
2020-03-02,4190,4200,3980,3980,187659200
2020-02-28,3990,4190,3910,4190,191962700
2020-02-27,4380,4380,4120,4130,207157400
2020-02-26,4500,4510,4470,4480,149197600
2020-02-25,4460,4550,4460,4500,113929600
2020-02-24,4540,4540,4470,4490,102908000
2020-02-21,4560,4560,4510,4510,106960700
2020-02-20,4520,4580,4510,4560,98180400
2020-02-19,4460,4480,4450,4480,100810700
2020-02-18,4470,4500,4400,4400,88694500
2020-02-17,4480,4540,4470,4470,119759900
2020-02-14,4530,4590,4530,4550,127004900
2020-02-13,4580,4590,4540,4570,79710700
2020-02-12,4520,4560,4520,4530,130150400
2020-02-11,4540,4540,4480,4510,85150100
2020-02-10,4500,4530,4400,4500,170890600
2020-02-07,4580,4580,4540,4550,133042500
2020-02-06,4590,4590,4530,4550,94855500
2020-02-05,4570,4580,4510,4560,91267300
2020-02-04,4690,4690,4520,4560,112377400
2020-02-03,4460,4490,4450,4460,131584600
2020-01-31,4570,4580,4460,4460,137055500
2020-01-30,4700,4700,4580,4580,87726300
2020-01-29,4620,4660,4600,4620,194871800
2020-01-28,4580,4640,4570,4620,95394600
2020-01-27,4700,4700,4640,4650,93704600
2020-01-24,4730,4750,4680,4740,96017400
2020-01-23,4720,4760,4690,4740,139861200
2020-01-22,4680,4710,4670,4710,82370500
2020-01-21,4670,4680,4640,4670,73839600
2020-01-20,4690,4690,4630,4660,81837500
2020-01-17,4620,4640,4600,4630,121175500
2020-01-16,4570,4590,4510,4570,133986100
2020-01-15,4570,4580,4530,4580,102566700
2020-01-14,4540,4600,4520,4570,158414200
2020-01-13,4430,4510,4420,4510,111351400
2020-01-10,4430,4430,4390,4410,124809200
2020-01-09,4400,4420,4370,4400,72072000
2020-01-08,4380,4400,4340,4380,171751200
2020-01-07,4410,4410,4380,4400,103948100
2020-01-06,4360,4390,4320,4370,44225100
2020-01-03,4420,4440,4390,4420,82898300
2020-01-02,4400,4410,4360,4410,41714100
